{
  "project_info": {
    "project_number": "794130381",
    "firebase_url": "https://laundry-ireland.firebaseio.com",
    "project_id": "laundry-ireland",
    "storage_bucket": "laundry-ireland.appspot.com"
  },
  "client": [
    {
      "client_info": {
        "mobilesdk_app_id": "1:794130381:android:7211bae4c69f9a9479b684",
        "android_client_info": {
          "package_name": "com.example.zxs.laundryinireland"
        }
      },
      "oauth_client": [
        {
          "client_id": "794130381-o9n5s776ejf71t0jjk8aa7gvgbivoc3n.apps.googleusercontent.com",
          "client_type": 3
        }
      ],
      "api_key": [
        {
          "current_key": "AIzaSyBHdtsIiu5R9urnrek--_VDBxv_iLnIGnY"
        }
      ],
      "services": {
        "appinvite_service": {
          "other_platform_oauth_client": [
            {
              "client_id": "794130381-o9n5s776ejf71t0jjk8aa7gvgbivoc3n.apps.googleusercontent.com",
              "client_type": 3
            },
            {
              "client_id": "794130381-go2ai3i2q5fucvqj1nt2166jtkgu7u3r.apps.googleusercontent.com",
              "client_type": 2,
              "ios_info": {
                "bundle_id": "com.fabiomagarelli.A-Dryer-in-your-Pocket"
              }
            }
          ]
        }
      }
    }
  ],
  "configuration_version": "1"
}